<?xml version="1.0" encoding="UTF-8"?>
<!DOCTYPE mapper
  PUBLIC "-//mybatis.org//DTD Mapper 3.0//EN"
  "http://mybatis.org/dtd/mybatis-3-mapper.dtd">
<mapper namespace="com.ctel.dao.LoginMapper">

	<resultMap type="loginstatus" id="LoginStatus">
		<id property="id" column="id" />
		<result property="status" column="status" />
		<result property="name" column="name" />
		<result property="logintime" column="logintime" />
		<result property="logouttime" column="logouttime" />

	</resultMap>


	<!-- <select id="fetchL" resultType="com.ctel.model.LoginStatus"> select 
		id from employee1 ORDER BY id DESC LIMIT 1 </select> -->

	<update id="loginstatusCodeUpdate"
		parameterType="loginstatus">
		insert into LoginStatus(status, name,id,logintime ) values(1, #{name},#{id},#{logintime})
	</update>

	<!-- <insert id="insertStatus"
		parameterType="loginstatus">
		Insert into LoginStatus(id,name) values(#{id},#{name});
	</insert> -->

	<!-- <update id="loginNameUpdate"
		parameterType="loginstatus">
		update into LoginStatus set name=#{name} where id=#{id};
	</update> -->

	<select id="fetchLoginstatus" resultType="loginstatus">
		SELECT
		status
		FROM LoginStatus
		where id=#{id};
	</select>


	<select id="getDetails" resultType="LoginStatus">
		select * from <!-- employee1 e INNER JOIN -->
		LoginStatus

	</select>

	<delete id="logOut" parameterType="loginstatus">
		delete from LoginStatus where id=#{id}
	</delete>
</mapper>