{"properties": [
  {
    "name": "jwt.signing.key",
    "type": "java.lang.String",
    "description": "A description for 'jwt.signing.key'"
  },
  {
    "name": "jwt.token.validity",
    "type": "java.lang.String",
    "description": "A description for 'jwt.token.validity'"
  },
  {
    "name": "jwt.authorities.key",
    "type": "java.lang.String",
    "description": "A description for 'jwt.authorities.key'"
  },
  {
    "name": "jwt.token.prefix",
    "type": "java.lang.String",
    "description": "A description for 'jwt.token.prefix'"
  },
  {
    "name": "jwt.header.string",
    "type": "java.lang.String",
    "description": "A description for 'jwt.header.string'"
  }
]}